<?xml version="1.0" encoding="UTF-8"?>
<suppressions xmlns="https://jeremylong.github.io/DependencyCheck/dependency-suppression.1.3.xsd">
   <suppress>
      <notes><![CDATA[
      file name: bcprov-jdk15on-1.46.jar
      ]]></notes>
      <packageUrl regex="true">^pkg:maven/org\.bouncycastle/bcprov-jdk15on@.*$</packageUrl>
      <cve>CVE-2017-13098</cve>
   </suppress>
   <suppress>
      <notes><![CDATA[
      file name: bcprov-jdk15on-1.46.jar
      ]]></notes>
      <packageUrl regex="true">^pkg:maven/org\.bouncycastle/bcprov-jdk15on@.*$</packageUrl>
      <cve>CVE-2020-0187</cve>
   </suppress>
   <suppress>
      <notes><![CDATA[
      file name: bcprov-jdk15on-1.46.jar
      ]]></notes>
      <packageUrl regex="true">^pkg:maven/org\.bouncycastle/bcprov-jdk15on@.*$</packageUrl>
      <cve>CVE-2020-15522</cve>
   </suppress>
   <suppress>
      <notes><![CDATA[
      file name: bcprov-jdk15on-1.46.jar
      ]]></notes>
      <packageUrl regex="true">^pkg:maven/org\.bouncycastle/bcprov-jdk15on@.*$</packageUrl>
      <cve>CVE-2015-6644</cve>
   </suppress>
   <suppress>
      <notes><![CDATA[
      file name: snakeyaml-1.25.jar
      ]]></notes>
      <packageUrl regex="true">^pkg:maven/org\.yaml/snakeyaml@.*$</packageUrl>
      <cve>CVE-2017-18640</cve>
   </suppress>
</suppressions>
